--
-- Дамп данных таблицы `categories`
--

INSERT INTO `categories` (`id`, `created_at`, `updated_at`, `name`) VALUES
                                                                        (1, '2024-01-31 11:04:53', '2024-01-31 12:34:04', 'magic'),
                                                                        (2, '2024-01-31 11:04:57', '2024-01-31 11:04:57', 'school'),
                                                                        (3, '2024-01-31 11:04:59', '2024-01-31 11:04:59', 'subjects'),
                                                                        (4, '2024-01-31 11:05:01', '2024-01-31 11:05:01', 'zoo'),
                                                                        (5, '2024-01-31 11:05:02', '2024-01-31 11:05:02', 'animals');

-- --------------------------------------------------------
--
-- Дамп данных таблицы `category_post`
--

INSERT INTO `category_post` (`id`, `created_at`, `updated_at`, `post_id`, `category_id`) VALUES
                                                                                             (21, NULL, NULL, 1, 1),
                                                                                             (22, NULL, NULL, 2, 4),
                                                                                             (23, NULL, NULL, 2, 5),
                                                                                             (24, NULL, NULL, 4, 4),
                                                                                             (25, NULL, NULL, 4, 5),
                                                                                             (26, NULL, NULL, 5, 1),
                                                                                             (27, NULL, NULL, 6, 4),
                                                                                             (28, NULL, NULL, 6, 5),
                                                                                             (29, NULL, NULL, 7, 2),
                                                                                             (30, NULL, NULL, 7, 3),
                                                                                             (31, NULL, NULL, 8, 2),
                                                                                             (32, NULL, NULL, 8, 3),
                                                                                             (33, NULL, NULL, 10, 5);

-- --------------------------------------------------------

--
-- Дамп данных таблицы `posts`
--

INSERT INTO `posts` (`id`, `created_at`, `updated_at`, `title`, `content`) VALUES
                                                                               (1, '2024-01-31 10:59:27', '2024-01-31 19:10:20', 'Abra', 'Lorem ipsum dolor sit amet, consectetur adipiscing elit. Nulla non nibh vestibulum, semper turpis nec, venenatis nisl. Nullam et nulla luctus, lacinia orci ut, mollis lectus. In iaculis mauris a nunc sodales, eu congue elit lobortis. Proin id accumsan augue. Aenean at mauris in mi porttitor aliquam ut et purus. Cras a est at nulla ullamcorper tristique sit amet id tortor. Cras congue enim orci, id rhoncus neque imperdiet vel. Integer leo mauris, eleifend at ex sit amet, bibendum placerat ligula.\r\n\r\nVivamus vel diam ante. Aenean semper massa justo, sit amet facilisis justo tempus id. Class aptent taciti sociosqu ad litora torquent per conubia nostra, per inceptos himenaeos. Fusce non purus in nibh tempus venenatis. Nulla quam nisi, vehicula id magna id, posuere accumsan nisi. Mauris volutpat ligula orci, vel elementum eros posuere et. Phasellus sapien metus, aliquet nec quam sed, euismod elementum dui. Donec id finibus velit. Vivamus eu rhoncus augue, at pharetra libero. Nullam ut facilisis ligula. Nunc porttitor odio est, in vestibulum dolor finibus et. Donec egestas metus ullamcorper auctor pharetra. Sed euismod urna at elementum placerat.\r\n\r\nAliquam volutpat aliquam orci, sed interdum magna hendrerit vel. Pellentesque vestibulum dui odio. Fusce facilisis, lorem eu facilisis hendrerit, nibh justo semper nunc, eget maximus sem tortor et felis. Pellentesque pretium, quam a condimentum dapibus, dolor erat elementum turpis, vel fringilla diam urna sed neque. Praesent non ipsum mauris. Nulla euismod malesuada lacus eu lacinia. In eget ligula tristique, fringilla nulla eu, faucibus arcu.\r\n\r\nDonec vitae eleifend libero. Nam nisl metus, efficitur a laoreet a, varius quis felis. Duis rhoncus diam nisi, vel maximus mauris eleifend et. Maecenas imperdiet sem vel lorem mattis congue. Aenean pretium mi id felis cursus lacinia. In quis ipsum fringilla, tincidunt metus eu, commodo mi. Proin interdum leo in metus molestie, et condimentum sem commodo. Nullam vehicula lectus tempor mauris porttitor, sed bibendum arcu mollis. In et dignissim elit.\r\n\r\nMaecenas sit amet tortor id lectus ornare elementum. Sed facilisis mi erat, ac aliquet ante tempor nec. Pellentesque lacus mauris, volutpat at aliquam sed, rutrum eu neque. Maecenas placerat dui quis velit ornare tempus. Vivamus tempor risus augue, et commodo nulla ultricies a. Curabitur faucibus lectus ante, vehicula sagittis sem sodales sed. Praesent accumsan gravida tortor, nec iaculis libero tempus id. Fusce fringilla dolor sit amet mauris auctor, quis tincidunt arcu faucibus. Ut erat magna, lacinia vitae consequat et, dignissim ac sapien. Sed egestas dui ac magna fermentum, ut finibus metus tincidunt. In vel ante cursus, ullamcorper dui tincidunt, auctor neque. Vestibulum luctus convallis consequat. Sed eget nunc vitae nulla varius ultrices.'),
                                                                               (2, '2024-01-31 10:59:22', '2024-01-31 19:08:27', 'Zebra', 'Lorem ipsum dolor sit amet, consectetur adipiscing elit. Nulla non nibh vestibulum, semper turpis nec, venenatis nisl. Nullam et nulla luctus, lacinia orci ut, mollis lectus. In iaculis mauris a nunc sodales, eu congue elit lobortis. Proin id accumsan augue. Aenean at mauris in mi porttitor aliquam ut et purus. Cras a est at nulla ullamcorper tristique sit amet id tortor. Cras congue enim orci, id rhoncus neque imperdiet vel. Integer leo mauris, eleifend at ex sit amet, bibendum placerat ligula.\r\n\r\nVivamus vel diam ante. Aenean semper massa justo, sit amet facilisis justo tempus id. Class aptent taciti sociosqu ad litora torquent per conubia nostra, per inceptos himenaeos. Fusce non purus in nibh tempus venenatis. Nulla quam nisi, vehicula id magna id, posuere accumsan nisi. Mauris volutpat ligula orci, vel elementum eros posuere et. Phasellus sapien metus, aliquet nec quam sed, euismod elementum dui. Donec id finibus velit. Vivamus eu rhoncus augue, at pharetra libero. Nullam ut facilisis ligula. Nunc porttitor odio est, in vestibulum dolor finibus et. Donec egestas metus ullamcorper auctor pharetra. Sed euismod urna at elementum placerat.\r\n\r\nAliquam volutpat aliquam orci, sed interdum magna hendrerit vel. Pellentesque vestibulum dui odio. Fusce facilisis, lorem eu facilisis hendrerit, nibh justo semper nunc, eget maximus sem tortor et felis. Pellentesque pretium, quam a condimentum dapibus, dolor erat elementum turpis, vel fringilla diam urna sed neque. Praesent non ipsum mauris. Nulla euismod malesuada lacus eu lacinia. In eget ligula tristique, fringilla nulla eu, faucibus arcu.\r\n\r\nDonec vitae eleifend libero. Nam nisl metus, efficitur a laoreet a, varius quis felis. Duis rhoncus diam nisi, vel maximus mauris eleifend et. Maecenas imperdiet sem vel lorem mattis congue. Aenean pretium mi id felis cursus lacinia. In quis ipsum fringilla, tincidunt metus eu, commodo mi. Proin interdum leo in metus molestie, et condimentum sem commodo. Nullam vehicula lectus tempor mauris porttitor, sed bibendum arcu mollis. In et dignissim elit.\r\n\r\nMaecenas sit amet tortor id lectus ornare elementum. Sed facilisis mi erat, ac aliquet ante tempor nec. Pellentesque lacus mauris, volutpat at aliquam sed, rutrum eu neque. Maecenas placerat dui quis velit ornare tempus. Vivamus tempor risus augue, et commodo nulla ultricies a. Curabitur faucibus lectus ante, vehicula sagittis sem sodales sed. Praesent accumsan gravida tortor, nec iaculis libero tempus id. Fusce fringilla dolor sit amet mauris auctor, quis tincidunt arcu faucibus. Ut erat magna, lacinia vitae consequat et, dignissim ac sapien. Sed egestas dui ac magna fermentum, ut finibus metus tincidunt. In vel ante cursus, ullamcorper dui tincidunt, auctor neque. Vestibulum luctus convallis consequat. Sed eget nunc vitae nulla varius ultrices.'),
                                                                               (4, '2024-01-31 10:59:30', '2024-01-31 20:39:22', 'Bear', 'Lorem ipsum dolor sit amet, consectetur adipiscing elit. Nulla non nibh vestibulum, semper turpis nec, venenatis nisl. Nullam et nulla luctus, lacinia orci ut, mollis lectus. In iaculis mauris a nunc sodales, eu congue elit lobortis. Proin id accumsan augue. Aenean at mauris in mi porttitor aliquam ut et purus. Cras a est at nulla ullamcorper tristique sit amet id tortor. Cras congue enim orci, id rhoncus neque imperdiet vel. Integer leo mauris, eleifend at ex sit amet, bibendum placerat ligula.\r\n\r\nVivamus vel diam ante. Aenean semper massa justo, sit amet facilisis justo tempus id. Class aptent taciti sociosqu ad litora torquent per conubia nostra, per inceptos himenaeos. Fusce non purus in nibh tempus venenatis. Nulla quam nisi, vehicula id magna id, posuere accumsan nisi. Mauris volutpat ligula orci, vel elementum eros posuere et. Phasellus sapien metus, aliquet nec quam sed, euismod elementum dui. Donec id finibus velit. Vivamus eu rhoncus augue, at pharetra libero. Nullam ut facilisis ligula. Nunc porttitor odio est, in vestibulum dolor finibus et. Donec egestas metus ullamcorper auctor pharetra. Sed euismod urna at elementum placerat.\r\n\r\nAliquam volutpat aliquam orci, sed interdum magna hendrerit vel. Pellentesque vestibulum dui odio. Fusce facilisis, lorem eu facilisis hendrerit, nibh justo semper nunc, eget maximus sem tortor et felis. Pellentesque pretium, quam a condimentum dapibus, dolor erat elementum turpis, vel fringilla diam urna sed neque. Praesent non ipsum mauris. Nulla euismod malesuada lacus eu lacinia. In eget ligula tristique, fringilla nulla eu, faucibus arcu.\r\n\r\nDonec vitae eleifend libero. Nam nisl metus, efficitur a laoreet a, varius quis felis. Duis rhoncus diam nisi, vel maximus mauris eleifend et. Maecenas imperdiet sem vel lorem mattis congue. Aenean pretium mi id felis cursus lacinia. In quis ipsum fringilla, tincidunt metus eu, commodo mi. Proin interdum leo in metus molestie, et condimentum sem commodo. Nullam vehicula lectus tempor mauris porttitor, sed bibendum arcu mollis. In et dignissim elit.\r\n\r\nMaecenas sit amet tortor id lectus ornare elementum. Sed facilisis mi erat, ac aliquet ante tempor nec. Pellentesque lacus mauris, volutpat at aliquam sed, rutrum eu neque. Maecenas placerat dui quis velit ornare tempus. Vivamus tempor risus augue, et commodo nulla ultricies a. Curabitur faucibus lectus ante, vehicula sagittis sem sodales sed. Praesent accumsan gravida tortor, nec iaculis libero tempus id. Fusce fringilla dolor sit amet mauris auctor, quis tincidunt arcu faucibus. Ut erat magna, lacinia vitae consequat et, dignissim ac sapien. Sed egestas dui ac magna fermentum, ut finibus metus tincidunt. In vel ante cursus, ullamcorper dui tincidunt, auctor neque. Vestibulum luctus convallis consequat. Sed eget nunc vitae nulla varius ultrices.'),
                                                                               (5, '2024-01-31 10:59:34', '2024-01-31 20:39:36', 'Cadabra', 'Lorem ipsum dolor sit amet, consectetur adipiscing elit. Nulla non nibh vestibulum, semper turpis nec, venenatis nisl. Nullam et nulla luctus, lacinia orci ut, mollis lectus. In iaculis mauris a nunc sodales, eu congue elit lobortis. Proin id accumsan augue. Aenean at mauris in mi porttitor aliquam ut et purus. Cras a est at nulla ullamcorper tristique sit amet id tortor. Cras congue enim orci, id rhoncus neque imperdiet vel. Integer leo mauris, eleifend at ex sit amet, bibendum placerat ligula.\r\n\r\nVivamus vel diam ante. Aenean semper massa justo, sit amet facilisis justo tempus id. Class aptent taciti sociosqu ad litora torquent per conubia nostra, per inceptos himenaeos. Fusce non purus in nibh tempus venenatis. Nulla quam nisi, vehicula id magna id, posuere accumsan nisi. Mauris volutpat ligula orci, vel elementum eros posuere et. Phasellus sapien metus, aliquet nec quam sed, euismod elementum dui. Donec id finibus velit. Vivamus eu rhoncus augue, at pharetra libero. Nullam ut facilisis ligula. Nunc porttitor odio est, in vestibulum dolor finibus et. Donec egestas metus ullamcorper auctor pharetra. Sed euismod urna at elementum placerat.\r\n\r\nAliquam volutpat aliquam orci, sed interdum magna hendrerit vel. Pellentesque vestibulum dui odio. Fusce facilisis, lorem eu facilisis hendrerit, nibh justo semper nunc, eget maximus sem tortor et felis. Pellentesque pretium, quam a condimentum dapibus, dolor erat elementum turpis, vel fringilla diam urna sed neque. Praesent non ipsum mauris. Nulla euismod malesuada lacus eu lacinia. In eget ligula tristique, fringilla nulla eu, faucibus arcu.\r\n\r\nDonec vitae eleifend libero. Nam nisl metus, efficitur a laoreet a, varius quis felis. Duis rhoncus diam nisi, vel maximus mauris eleifend et. Maecenas imperdiet sem vel lorem mattis congue. Aenean pretium mi id felis cursus lacinia. In quis ipsum fringilla, tincidunt metus eu, commodo mi. Proin interdum leo in metus molestie, et condimentum sem commodo. Nullam vehicula lectus tempor mauris porttitor, sed bibendum arcu mollis. In et dignissim elit.\r\n\r\nMaecenas sit amet tortor id lectus ornare elementum. Sed facilisis mi erat, ac aliquet ante tempor nec. Pellentesque lacus mauris, volutpat at aliquam sed, rutrum eu neque. Maecenas placerat dui quis velit ornare tempus. Vivamus tempor risus augue, et commodo nulla ultricies a. Curabitur faucibus lectus ante, vehicula sagittis sem sodales sed. Praesent accumsan gravida tortor, nec iaculis libero tempus id. Fusce fringilla dolor sit amet mauris auctor, quis tincidunt arcu faucibus. Ut erat magna, lacinia vitae consequat et, dignissim ac sapien. Sed egestas dui ac magna fermentum, ut finibus metus tincidunt. In vel ante cursus, ullamcorper dui tincidunt, auctor neque. Vestibulum luctus convallis consequat. Sed eget nunc vitae nulla varius ultrices.'),
                                                                               (6, '2024-01-31 10:59:37', '2024-01-31 20:39:44', 'Elephant', 'Lorem ipsum dolor sit amet, consectetur adipiscing elit. Nulla non nibh vestibulum, semper turpis nec, venenatis nisl. Nullam et nulla luctus, lacinia orci ut, mollis lectus. In iaculis mauris a nunc sodales, eu congue elit lobortis. Proin id accumsan augue. Aenean at mauris in mi porttitor aliquam ut et purus. Cras a est at nulla ullamcorper tristique sit amet id tortor. Cras congue enim orci, id rhoncus neque imperdiet vel. Integer leo mauris, eleifend at ex sit amet, bibendum placerat ligula.\r\n\r\nVivamus vel diam ante. Aenean semper massa justo, sit amet facilisis justo tempus id. Class aptent taciti sociosqu ad litora torquent per conubia nostra, per inceptos himenaeos. Fusce non purus in nibh tempus venenatis. Nulla quam nisi, vehicula id magna id, posuere accumsan nisi. Mauris volutpat ligula orci, vel elementum eros posuere et. Phasellus sapien metus, aliquet nec quam sed, euismod elementum dui. Donec id finibus velit. Vivamus eu rhoncus augue, at pharetra libero. Nullam ut facilisis ligula. Nunc porttitor odio est, in vestibulum dolor finibus et. Donec egestas metus ullamcorper auctor pharetra. Sed euismod urna at elementum placerat.\r\n\r\nAliquam volutpat aliquam orci, sed interdum magna hendrerit vel. Pellentesque vestibulum dui odio. Fusce facilisis, lorem eu facilisis hendrerit, nibh justo semper nunc, eget maximus sem tortor et felis. Pellentesque pretium, quam a condimentum dapibus, dolor erat elementum turpis, vel fringilla diam urna sed neque. Praesent non ipsum mauris. Nulla euismod malesuada lacus eu lacinia. In eget ligula tristique, fringilla nulla eu, faucibus arcu.\r\n\r\nDonec vitae eleifend libero. Nam nisl metus, efficitur a laoreet a, varius quis felis. Duis rhoncus diam nisi, vel maximus mauris eleifend et. Maecenas imperdiet sem vel lorem mattis congue. Aenean pretium mi id felis cursus lacinia. In quis ipsum fringilla, tincidunt metus eu, commodo mi. Proin interdum leo in metus molestie, et condimentum sem commodo. Nullam vehicula lectus tempor mauris porttitor, sed bibendum arcu mollis. In et dignissim elit.\r\n\r\nMaecenas sit amet tortor id lectus ornare elementum. Sed facilisis mi erat, ac aliquet ante tempor nec. Pellentesque lacus mauris, volutpat at aliquam sed, rutrum eu neque. Maecenas placerat dui quis velit ornare tempus. Vivamus tempor risus augue, et commodo nulla ultricies a. Curabitur faucibus lectus ante, vehicula sagittis sem sodales sed. Praesent accumsan gravida tortor, nec iaculis libero tempus id. Fusce fringilla dolor sit amet mauris auctor, quis tincidunt arcu faucibus. Ut erat magna, lacinia vitae consequat et, dignissim ac sapien. Sed egestas dui ac magna fermentum, ut finibus metus tincidunt. In vel ante cursus, ullamcorper dui tincidunt, auctor neque. Vestibulum luctus convallis consequat. Sed eget nunc vitae nulla varius ultrices.'),
                                                                               (7, '2024-01-31 10:59:41', '2024-01-31 20:39:53', 'Physics', 'Lorem ipsum dolor sit amet, consectetur adipiscing elit. Nulla non nibh vestibulum, semper turpis nec, venenatis nisl. Nullam et nulla luctus, lacinia orci ut, mollis lectus. In iaculis mauris a nunc sodales, eu congue elit lobortis. Proin id accumsan augue. Aenean at mauris in mi porttitor aliquam ut et purus. Cras a est at nulla ullamcorper tristique sit amet id tortor. Cras congue enim orci, id rhoncus neque imperdiet vel. Integer leo mauris, eleifend at ex sit amet, bibendum placerat ligula.\r\n\r\nVivamus vel diam ante. Aenean semper massa justo, sit amet facilisis justo tempus id. Class aptent taciti sociosqu ad litora torquent per conubia nostra, per inceptos himenaeos. Fusce non purus in nibh tempus venenatis. Nulla quam nisi, vehicula id magna id, posuere accumsan nisi. Mauris volutpat ligula orci, vel elementum eros posuere et. Phasellus sapien metus, aliquet nec quam sed, euismod elementum dui. Donec id finibus velit. Vivamus eu rhoncus augue, at pharetra libero. Nullam ut facilisis ligula. Nunc porttitor odio est, in vestibulum dolor finibus et. Donec egestas metus ullamcorper auctor pharetra. Sed euismod urna at elementum placerat.\r\n\r\nAliquam volutpat aliquam orci, sed interdum magna hendrerit vel. Pellentesque vestibulum dui odio. Fusce facilisis, lorem eu facilisis hendrerit, nibh justo semper nunc, eget maximus sem tortor et felis. Pellentesque pretium, quam a condimentum dapibus, dolor erat elementum turpis, vel fringilla diam urna sed neque. Praesent non ipsum mauris. Nulla euismod malesuada lacus eu lacinia. In eget ligula tristique, fringilla nulla eu, faucibus arcu.\r\n\r\nDonec vitae eleifend libero. Nam nisl metus, efficitur a laoreet a, varius quis felis. Duis rhoncus diam nisi, vel maximus mauris eleifend et. Maecenas imperdiet sem vel lorem mattis congue. Aenean pretium mi id felis cursus lacinia. In quis ipsum fringilla, tincidunt metus eu, commodo mi. Proin interdum leo in metus molestie, et condimentum sem commodo. Nullam vehicula lectus tempor mauris porttitor, sed bibendum arcu mollis. In et dignissim elit.\r\n\r\nMaecenas sit amet tortor id lectus ornare elementum. Sed facilisis mi erat, ac aliquet ante tempor nec. Pellentesque lacus mauris, volutpat at aliquam sed, rutrum eu neque. Maecenas placerat dui quis velit ornare tempus. Vivamus tempor risus augue, et commodo nulla ultricies a. Curabitur faucibus lectus ante, vehicula sagittis sem sodales sed. Praesent accumsan gravida tortor, nec iaculis libero tempus id. Fusce fringilla dolor sit amet mauris auctor, quis tincidunt arcu faucibus. Ut erat magna, lacinia vitae consequat et, dignissim ac sapien. Sed egestas dui ac magna fermentum, ut finibus metus tincidunt. In vel ante cursus, ullamcorper dui tincidunt, auctor neque. Vestibulum luctus convallis consequat. Sed eget nunc vitae nulla varius ultrices.'),
                                                                               (8, '2024-01-31 10:59:45', '2024-01-31 20:40:04', 'Math', 'Lorem ipsum dolor sit amet, consectetur adipiscing elit. Nulla non nibh vestibulum, semper turpis nec, venenatis nisl. Nullam et nulla luctus, lacinia orci ut, mollis lectus. In iaculis mauris a nunc sodales, eu congue elit lobortis. Proin id accumsan augue. Aenean at mauris in mi porttitor aliquam ut et purus. Cras a est at nulla ullamcorper tristique sit amet id tortor. Cras congue enim orci, id rhoncus neque imperdiet vel. Integer leo mauris, eleifend at ex sit amet, bibendum placerat ligula.\r\n\r\nVivamus vel diam ante. Aenean semper massa justo, sit amet facilisis justo tempus id. Class aptent taciti sociosqu ad litora torquent per conubia nostra, per inceptos himenaeos. Fusce non purus in nibh tempus venenatis. Nulla quam nisi, vehicula id magna id, posuere accumsan nisi. Mauris volutpat ligula orci, vel elementum eros posuere et. Phasellus sapien metus, aliquet nec quam sed, euismod elementum dui. Donec id finibus velit. Vivamus eu rhoncus augue, at pharetra libero. Nullam ut facilisis ligula. Nunc porttitor odio est, in vestibulum dolor finibus et. Donec egestas metus ullamcorper auctor pharetra. Sed euismod urna at elementum placerat.\r\n\r\nAliquam volutpat aliquam orci, sed interdum magna hendrerit vel. Pellentesque vestibulum dui odio. Fusce facilisis, lorem eu facilisis hendrerit, nibh justo semper nunc, eget maximus sem tortor et felis. Pellentesque pretium, quam a condimentum dapibus, dolor erat elementum turpis, vel fringilla diam urna sed neque. Praesent non ipsum mauris. Nulla euismod malesuada lacus eu lacinia. In eget ligula tristique, fringilla nulla eu, faucibus arcu.\r\n\r\nDonec vitae eleifend libero. Nam nisl metus, efficitur a laoreet a, varius quis felis. Duis rhoncus diam nisi, vel maximus mauris eleifend et. Maecenas imperdiet sem vel lorem mattis congue. Aenean pretium mi id felis cursus lacinia. In quis ipsum fringilla, tincidunt metus eu, commodo mi. Proin interdum leo in metus molestie, et condimentum sem commodo. Nullam vehicula lectus tempor mauris porttitor, sed bibendum arcu mollis. In et dignissim elit.\r\n\r\nMaecenas sit amet tortor id lectus ornare elementum. Sed facilisis mi erat, ac aliquet ante tempor nec. Pellentesque lacus mauris, volutpat at aliquam sed, rutrum eu neque. Maecenas placerat dui quis velit ornare tempus. Vivamus tempor risus augue, et commodo nulla ultricies a. Curabitur faucibus lectus ante, vehicula sagittis sem sodales sed. Praesent accumsan gravida tortor, nec iaculis libero tempus id. Fusce fringilla dolor sit amet mauris auctor, quis tincidunt arcu faucibus. Ut erat magna, lacinia vitae consequat et, dignissim ac sapien. Sed egestas dui ac magna fermentum, ut finibus metus tincidunt. In vel ante cursus, ullamcorper dui tincidunt, auctor neque. Vestibulum luctus convallis consequat. Sed eget nunc vitae nulla varius ultrices.'),
                                                                               (10, '2024-01-31 10:59:54', '2024-01-31 12:04:56', 'Cats', 'Lorem ipsum dolor sit amet, consectetur adipiscing elit. Nulla non nibh vestibulum, semper turpis nec, venenatis nisl. Nullam et nulla luctus, lacinia orci ut, mollis lectus. In iaculis mauris a nunc sodales, eu congue elit lobortis. Proin id accumsan augue. Aenean at mauris in mi porttitor aliquam ut et purus. Cras a est at nulla ullamcorper tristique sit amet id tortor. Cras congue enim orci, id rhoncus neque imperdiet vel. Integer leo mauris, eleifend at ex sit amet, bibendum placerat ligula.\r\n\r\nVivamus vel diam ante. Aenean semper massa justo, sit amet facilisis justo tempus id. Class aptent taciti sociosqu ad litora torquent per conubia nostra, per inceptos himenaeos. Fusce non purus in nibh tempus venenatis. Nulla quam nisi, vehicula id magna id, posuere accumsan nisi. Mauris volutpat ligula orci, vel elementum eros posuere et. Phasellus sapien metus, aliquet nec quam sed, euismod elementum dui. Donec id finibus velit. Vivamus eu rhoncus augue, at pharetra libero. Nullam ut facilisis ligula. Nunc porttitor odio est, in vestibulum dolor finibus et. Donec egestas metus ullamcorper auctor pharetra. Sed euismod urna at elementum placerat.\r\n\r\nAliquam volutpat aliquam orci, sed interdum magna hendrerit vel. Pellentesque vestibulum dui odio. Fusce facilisis, lorem eu facilisis hendrerit, nibh justo semper nunc, eget maximus sem tortor et felis. Pellentesque pretium, quam a condimentum dapibus, dolor erat elementum turpis, vel fringilla diam urna sed neque. Praesent non ipsum mauris. Nulla euismod malesuada lacus eu lacinia. In eget ligula tristique, fringilla nulla eu, faucibus arcu.\r\n\r\nDonec vitae eleifend libero. Nam nisl metus, efficitur a laoreet a, varius quis felis. Duis rhoncus diam nisi, vel maximus mauris eleifend et. Maecenas imperdiet sem vel lorem mattis congue. Aenean pretium mi id felis cursus lacinia. In quis ipsum fringilla, tincidunt metus eu, commodo mi. Proin interdum leo in metus molestie, et condimentum sem commodo. Nullam vehicula lectus tempor mauris porttitor, sed bibendum arcu mollis. In et dignissim elit.\r\n\r\nMaecenas sit amet tortor id lectus ornare elementum. Sed facilisis mi erat, ac aliquet ante tempor nec. Pellentesque lacus mauris, volutpat at aliquam sed, rutrum eu neque. Maecenas placerat dui quis velit ornare tempus. Vivamus tempor risus augue, et commodo nulla ultricies a. Curabitur faucibus lectus ante, vehicula sagittis sem sodales sed. Praesent accumsan gravida tortor, nec iaculis libero tempus id. Fusce fringilla dolor sit amet mauris auctor, quis tincidunt arcu faucibus. Ut erat magna, lacinia vitae consequat et, dignissim ac sapien. Sed egestas dui ac magna fermentum, ut finibus metus tincidunt. In vel ante cursus, ullamcorper dui tincidunt, auctor neque. Vestibulum luctus convallis consequat. Sed eget nunc vitae nulla varius ultrices.');

-- --------------------------------------------------------
